,year,per capita income (US$)
0,2021,42117.15916964039
1,2022,42945.624244862935
2,2023,43774.08932008571
3,2024,44602.554395308485
4,2025,45431.01947053103
5,2026,46259.4845457538
6,2027,47087.94962097658
7,2028,47916.414696199354
